trial,async_upload_ms,async_e2e_ms,sync_total_ms,async_status,sync_status
0,468,3844,1267,success,http_404
1,68,2134,252,success,http_404
2,66,1618,391,success,http_404
3,66,1614,258,success,http_404
4,65,2117,251,success,http_404
5,68,1618,259,success,http_404
6,75,1625,251,success,http_404
7,67,1614,255,success,http_404
8,86,2148,295,success,http_404
9,72,2131,277,success,http_404
10,79,2134,266,success,http_404
11,65,1613,260,success,http_404
12,74,2136,304,success,http_404
13,65,1611,259,success,http_404
14,73,1620,260,success,http_404
15,73,2132,257,success,http_404
16,68,1619,245,success,http_404
17,69,1622,253,success,http_404
18,73,2141,266,success,http_404
19,73,1623,263,success,http_404
20,76,2131,260,success,http_404
21,73,2134,255,success,http_404
22,71,1621,246,success,http_404
23,67,2130,291,success,http_404
24,70,1617,247,success,http_404
25,67,1608,244,success,http_404
26,75,1625,249,success,http_404
27,70,2126,283,success,http_404
28,72,1621,235,success,http_404
29,84,2144,241,success,http_404
